country,year,world_region,gdp_nominal,gdp_per_capita,mortality_both,mortality_male,mortality_female,life_expect_both,life_expect_male,life_expect_female,fertile_rate,males_per_female_at_birth,birth_rate,death_rate,growth_rate,population,area
Afghanistan,2019,South Asia,19291104008,507.1034319,46.5,49.8,43.1,64.833,63.382,66.388,61.325,1.06,31.802,6.285,2.311817217,38041754,652860
Albania,2019,Europe & Central Asia,15279183290,5353.244856,8.6,9.5,7.7,78.573,77.002,80.201,19.5028,1.084,11.62,8.082,-0.426007367,2854191,28750
Algeria,2019,Middle East & North Africa,1.71E+11,3973.964072,20,21.3,18.6,76.88,75.676,78.133,9.5966,1.05,23.583,4.716,1.933950191,43053054,2381741
Angola,2019,Sub-Saharan Africa,88815697793,2790.726615,50.2,55.3,44.9,61.147,58.416,64.039,145.39,1.03,40.232,7.981,3.242982603,31825295,1246700
Antigua and Barbuda,2019,Latin America & Caribbean,1661962963,17112.82113,5.8,6.2,5.3,77.016,75.858,78.104,40.88,1.03,15.107,6.422,0.860380481,97118,440
Argentina,2019,Latin America & Caribbean,4.45E+11,9912.281809,8.2,9.2,7.3,76.667,73.242,79.995,62.3488,1.04,16.833,7.604,0.993397493,44938712,2780400
Armenia,2019,Europe & Central Asia,13672802158,4622.733493,10.5,11.6,9.4,75.087,71.327,78.516,20.282,1.106,13.646,9.835,0.201539723,2957731,29740
Aruba,2019,Latin America & Caribbean,,,,,,76.293,73.768,78.641,19.6732,1.05,11.756,9.205,0.442121959,106314,180
Australia,2019,East Asia & Pacific,1.40E+12,55057.2047,3.1,3.3,2.8,82.9,80.9,85,10.9366,1.055,12.1,6.7,1.521653677,25365745,7741220
Austria,2019,Europe & Central Asia,4.45E+11,50121.55421,2.8,3.1,2.6,81.79268293,79.5,84.2,6.7488,1.055,9.6,9.4,0.444673639,8879920,83879
Azerbaijan,2019,Europe & Central Asia,48047647059,4793.125559,18.2,20.1,16.3,73.005,70.511,75.455,57.1572,1.123,14.1,5.6,0.846646726,10024283,86600
"Bahamas, The",2019,Latin America & Caribbean,13578800000,34863.7421,10.9,11.6,10.1,73.918,71.659,76.081,28.4498,1.057,13.882,6.841,0.991335935,389482,13880
Bahrain,2019,Middle East & North Africa,38574069149,23503.97713,5.9,6.1,5.7,77.292,76.436,78.423,13.11,1.039,13.622,2.408,4.469239009,1641172,780
Bangladesh,2019,South Asia,3.03E+11,1855.739824,25.6,27.3,23.8,72.591,70.877,74.595,81.6636,1.049,17.868,5.526,1.042001128,163046161,147570
Barbados,2019,Latin America & Caribbean,5209000000,18148.24493,11.7,12.8,10.6,79.19,77.814,80.482,28.7104,1.036,10.621,9.068,0.133875829,287025,430
Belarus,2019,Europe & Central Asia,63080457023,6697.968615,2.4,2.7,2.1,74.22682927,69.3,79.4,12.9962,1.063,9.3,12.8,-0.694662243,9417849,207600
Belgium,2019,Europe & Central Asia,5.33E+11,46345.40329,2.7,3.1,2.4,81.74634146,79.6,84,4.4898,1.05,10.1,9.5,0.659843636,11502704,30530
Belize,2019,Latin America & Caribbean,1879613600,4815.163711,10.6,11.6,9.5,74.623,71.65,77.843,67.611,1.03,20.51,4.756,1.883110736,390353,22970
Benin,2019,Sub-Saharan Africa,14390709095,1219.432672,59,64.4,53.3,61.771,60.201,63.324,81.9768,1.041,35.831,8.718,2.715105359,11801151,114760
Bermuda,2019,North America,7484113000,116889.9527,,,,81.86658537,78.13,85.79,,,8.3,8.4,0.167396746,64027,4290
Bhutan,2019,South Asia,2530547158,3316.175714,23.8,26,21.5,71.777,71.405,72.176,17.606,1.04,17.012,6.251,1.146382274,763092,38390
Bolivia,2019,Latin America & Caribbean,40895322844,3552.06876,21.2,23.3,18.9,71.513,68.684,74.508,62.9084,1.05,21.455,6.762,1.399098368,11513100,1098580
Bosnia and Herzegovina,2019,Europe & Central Asia,20164193807,6108.510696,5.1,5.5,4.6,77.401,74.893,79.857,8.656,1.059,7.938,10.877,-0.692206409,3301000,51210
Botswana,2019,Sub-Saharan Africa,18340480936,7961.325181,32.3,35.3,29.1,69.592,66.485,72.386,44.655,1.031,24.234,5.708,2.175290909,2303697,581730
Brazil,2019,Latin America & Caribbean,1.84E+12,8717.186278,12.4,13.9,10.9,75.881,72.243,79.555,56.6606,1.05,13.703,6.531,0.751548427,211049527,8515770
Brunei Darussalam,2019,East Asia & Pacific,13469422959,31086.75112,9.6,10.5,8.6,75.86,74.728,77.106,9.1512,1.055,14.459,4.548,1.002737318,433285,5770
Bulgaria,2019,Europe & Central Asia,68558815112,9828.148515,5.6,6.2,5,74.91463415,71.5,78.5,38.7932,1.06,8.8,15.5,-0.703905641,6975761,111000
Burkina Faso,2019,Sub-Saharan Africa,15990803570,786.8956313,53.9,58.7,49.1,61.577,60.739,62.294,99.8026,1.046,37.453,7.914,2.844222553,20321378,274220
Burundi,2019,Sub-Saharan Africa,3012334882,261.2474725,39.9,44,35.5,61.584,59.764,63.377,53.9132,1.03,38.377,7.766,3.128967114,11530580,27830
Cabo Verde,2019,Sub-Saharan Africa,1981845740,3603.781793,12.8,14,11.5,72.981,69.526,76.197,71.6302,1.03,19.061,5.576,1.127924314,549935,4030
Cambodia,2019,East Asia & Pacific,27089389787,1643.121389,22.8,25.5,20,69.823,67.538,71.909,51.2638,1.051,22.02,5.992,1.44639338,16486542,181040
Cameroon,2019,Sub-Saharan Africa,39007354359,1507.450206,50.2,55.2,44.8,59.292,58.029,60.561,101.1876,1.03,34.891,9.059,2.584247107,25876380,475440
Canada,2019,North America,1.74E+12,46189.66011,4.2,4.5,3.9,82.04878049,80,84.2,7.6822,1.054,9.9,7.6,1.4150147,37593384,9879750
Central African Republic,2019,Sub-Saharan Africa,2220307369,467.9074406,81,87.5,74.3,53.283,51.081,55.514,124.8532,1.03,35.09,11.974,1.674745212,4745185,622980
Chad,2019,Sub-Saharan Africa,11314951343,709.5403101,69.1,75.3,62.5,54.239,52.835,55.669,154.7388,1.03,41.665,11.907,2.985937461,15946876,1284000
Channel Islands,2019,Europe & Central Asia,,,,,,83.086,81.173,84.915,6.4132,1.057,9.811,7.824,1.026972656,172259,198
Chile,2019,Latin America & Caribbean,2.82E+11,14896.45387,6,6.4,5.5,80.181,77.771,82.442,39.2248,1.04,12.187,6.254,1.182980431,18952038,756700
China,2019,East Asia & Pacific,1.43E+13,10216.63033,6.8,7.2,6.3,76.912,74.761,79.244,7.651,1.122,10.5,7.1,0.357291063,1397715000,9600012.9
Colombia,2019,Latin America & Caribbean,3.24E+11,6428.676206,11.8,13.1,10.5,77.287,74.528,80.019,64.313,1.05,14.655,5.63,1.356788043,50339443,1141750
Comoros,2019,Sub-Saharan Africa,1165839927,1370.148207,48.3,52.8,43.7,64.321,62.587,66.121,62.7702,1.05,31.407,7.135,2.205877437,850886,1861
"Congo, Dem. Rep.",2019,Sub-Saharan Africa,50400746171,580.7168672,66.1,72,59.9,60.681,59.147,62.233,120.9912,1.03,40.639,9.292,3.187086302,86790567,2344860
"Congo, Rep.",2019,Sub-Saharan Africa,12267392147,2279.969131,34.9,38.4,31.2,64.57,63.082,66.023,109.6422,1.03,32.397,6.612,2.562900803,5380508,342000
Costa Rica,2019,Latin America & Caribbean,61801385049,12243.81143,7.5,8,7,80.279,77.739,82.893,51.5772,1.05,13.689,5.152,0.957905014,5047561,51100
Cote d'Ivoire,2019,Sub-Saharan Africa,58539424930,2276.333279,58.6,65.3,51.5,57.783,56.593,59.119,114.6898,1.03,35.464,9.869,2.549336239,25716544,322460
Croatia,2019,Europe & Central Asia,60752588976,14944.35622,4.1,4.4,3.7,78.42439024,75.4,81.6,7.8494,1.06,8.9,12.7,-0.554146739,4065253,88070
Cuba,2019,Latin America & Caribbean,,,3.8,4.2,3.4,78.802,76.84,80.779,51.4392,1.057,9.962,9.146,-0.041064554,11333483,109880
Cyprus,2019,Europe & Central Asia,24948935408,27858.371,1.8,2,1.7,80.982,78.921,83.032,4.3352,1.07,10.24,7.099,0.779788192,1198575,9250
Czech Republic,2019,Europe & Central Asia,2.51E+11,23489.83866,2.5,2.8,2.2,79.12926829,76.3,82.1,11.8908,1.058,10.5,10.5,0.393788864,10671870,78870
Denmark,2019,Europe & Central Asia,3.50E+11,60213.09215,3.2,3.7,2.8,81.20243902,79.3,83.2,4.215,1.056,10.5,9.3,0.358130916,5814422,42920
Djibouti,2019,Middle East & North Africa,3324634256,3414.92487,48.4,52.6,44,67.112,65.116,69.357,18.0458,1.039,20.998,6.979,1.515180502,973560,23200
Dominican Republic,2019,Latin America & Caribbean,88941299734,8282.116359,23.5,25.6,21.2,74.081,70.991,77.381,91.8084,1.05,19.193,6.188,1.046460513,10738958,48670
Ecuador,2019,Latin America & Caribbean,1.07E+11,6183.823825,12,13.5,10.5,77.01,74.282,79.838,78.2642,1.05,19.46,5.121,1.679213179,17373662,256370
"Egypt, Arab Rep.",2019,Middle East & North Africa,3.03E+11,3019.205829,17.3,18.5,16.1,71.99,69.742,74.35,52.353,1.06,25.708,5.778,1.976284348,100388073,1001450
El Salvador,2019,Latin America & Caribbean,27022640000,4187.250031,11.4,12.6,10.2,73.317,68.455,77.842,67.7682,1.05,18.054,7.07,0.509683302,6453553,21040
Equatorial Guinea,2019,Sub-Saharan Africa,11026774945,8131.923888,60.4,66,54.7,58.735,57.743,59.918,151.2828,1.03,32.783,9.112,3.528524074,1355986,28050
Eritrea,2019,Sub-Saharan Africa,,,30.5,34.7,26,66.321,64.153,68.555,48.8526,1.052,29.738,7.012,,,117600
Estonia,2019,Europe & Central Asia,31471100656,23717.79945,1.9,2,1.7,78.49756098,74.4,82.8,6.4996,1.065,10.6,11.6,0.371554389,1326898,45340
Eswatini,2019,Sub-Saharan Africa,4471598727,3894.679807,38.6,42.6,34.4,60.194,56.007,64.845,74.0158,1.027,25.881,9.059,1.045309194,1148130,17360
Ethiopia,2019,Sub-Saharan Africa,95912590628,855.7608623,36.5,41.5,31.4,66.597,64.694,68.536,63.4226,1.04,31.896,6.418,2.579563348,112078730,1136259.41
Faroe Islands,2019,Europe & Central Asia,,,,,,82.74634146,80.6,85,,,13.2,8,0.372524228,48678,1396
Fiji,2019,East Asia & Pacific,5496250694,6175.88872,21.7,23.6,19.7,67.444,65.698,69.331,48.9282,1.06,20.954,8.257,0.729660242,889953,18270
Finland,2019,Europe & Central Asia,2.69E+11,48771.3738,1.9,2.1,1.8,81.78536585,79.2,84.5,5.5046,1.047,8.3,9.8,0.11019169,5521606,338450
France,2019,Europe & Central Asia,2.72E+12,40496.36403,3.8,4.1,3.4,82.57804878,79.7,85.6,4.7454,1.049,11.2,9.1,0.134220009,67055854,549087
French Polynesia,2019,East Asia & Pacific,,,,,,77.657,75.612,79.898,38.286,1.049,14.427,5.742,0.577415665,279287,4000
Gabon,2019,Sub-Saharan Africa,16874450215,7767.013404,31.1,34.7,27.4,66.467,64.382,68.669,90.9018,1.03,30.968,6.704,2.484089207,2172579,267670
"Gambia, The",2019,Sub-Saharan Africa,1826073740,777.8119321,35.9,39.9,31.7,62.05,60.656,63.481,73.2266,1.03,38.073,7.722,2.921850237,2347706,11300
Georgia,2019,Europe & Central Asia,17477255546,4697.983648,8.5,9.5,7.5,73.767,69.349,78.14,43.9616,1.063,13.2,12.791,-0.17156574,3720161,69700
Germany,2019,Europe & Central Asia,3.86E+12,46467.5162,3.2,3.5,2.9,80.94146341,78.6,83.4,7.6186,1.054,9.4,11.3,0.225519874,83092962,357580
Ghana,2019,Sub-Saharan Africa,66983634224,2202.115567,33.9,37.5,30,64.074,62.991,65.177,64.9574,1.053,28.992,7.219,2.162577887,30417856,238540
Greece,2019,Europe & Central Asia,2.10E+11,19580.98833,3.3,3.6,3,81.93902439,79.5,84.5,6.6522,1.065,7.8,11.7,-0.146507836,10717169,131960
Grenada,2019,Latin America & Caribbean,1210603704,10808.67212,14.7,15.8,13.5,72.397,70.073,74.953,27.2106,1.05,16.198,9.582,0.491370693,112003,340
Guam,2019,East Asia & Pacific,,,,,,80.074,76.828,83.55,29.5002,1.058,16.46,5.273,0.916352318,167294,540
Guatemala,2019,Latin America & Caribbean,76710355347,4619.985258,20.7,23,18.3,74.302,71.382,77.151,68.582,1.05,24.21,4.72,1.560386048,16604026,108890
Guinea,2019,Sub-Saharan Africa,12296665331,962.8399086,63.8,69.7,57.7,61.602,60.855,62.117,131.436,1.024,35.965,8.225,2.834575382,12771246,245860
Guinea-Bissau,2019,Sub-Saharan Africa,1339449165,697.2949269,52.3,57.6,46.7,58.322,56.305,60.213,101.6274,1.03,34.559,9.434,2.456522095,1920922,36130
Guyana,2019,Latin America & Caribbean,5173759528,6609.586425,24.4,27.6,21.1,69.906,66.927,73.095,71.3544,1.05,19.723,7.551,0.481762011,782766,214970
Haiti,2019,Latin America & Caribbean,14332163266,1272.490925,48.2,52.9,43.2,64.001,61.831,66.182,50.2312,1.05,23.959,8.448,1.249899403,11263077,27750
Honduras,2019,Latin America & Caribbean,25095395475,2574.912191,14.5,16,12.8,75.27,72.96,77.551,70.7808,1.05,21.337,4.45,1.640648793,9746117,112490
"Hong Kong SAR, China",2019,East Asia & Pacific,3.66E+11,48713.47375,,,,85.07804878,82.2,88.1,2.5874,1.075,7,6.5,0.75409492,7507400,1110
Hungary,2019,Europe & Central Asia,1.63E+11,16729.78037,3,3.3,2.8,76.02195122,72.9,79.3,24.5722,1.059,9.5,13.3,-0.04525571,9771141,93030
Iceland,2019,Europe & Central Asia,24188038474,67084.08371,1.6,1.7,1.4,82.56097561,81,84.2,5.5442,1.053,12.3,6.3,2.198932258,360563,103000
India,2019,South Asia,2.87E+12,2099.599048,28.3,28.3,28.2,69.656,68.464,70.95,10.9646,1.1,17.644,7.265,1.015106028,1366417754,3287259
Indonesia,2019,East Asia & Pacific,1.12E+12,4135.569263,20.2,22.5,17.9,71.716,69.572,73.967,46.4364,1.05,17.746,6.51,1.100584587,270625568,1916862.2
"Iran, Islamic Rep.",2019,Middle East & North Africa,,,12,12.6,11.3,76.677,75.593,77.885,40.7514,1.052,18.42,4.842,1.352226023,82913906,1745150
Iraq,2019,Middle East & North Africa,2.34E+11,5955.10901,21.8,23.9,19.6,70.604,68.565,72.652,71.7502,1.065,28.556,4.736,2.254134219,39309783,435052
Ireland,2019,Europe & Central Asia,3.89E+11,78778.99477,2.8,3.1,2.6,82.30243902,80.4,84.3,6.5982,1.056,12.1,6.3,1.361546928,4934040,70280
Israel,2019,Middle East & North Africa,3.95E+11,43588.71331,3,3.2,2.7,82.80487805,81,84.7,8.777,1.053,20.1,5.1,1.90898264,9054000,22070
Italy,2019,Europe & Central Asia,2.00E+12,33225.64849,2.7,2.9,2.5,83.19756098,81.1,85.4,4.98,1.063,7,10.5,-0.198249205,60302093,302070
Jamaica,2019,Latin America & Caribbean,16458071068,5582.263778,11.9,13.3,10.5,74.475,72.868,76.118,49.8802,1.05,15.907,7.591,0.456356197,2948279,10990
Japan,2019,East Asia & Pacific,5.08E+12,40246.88013,1.8,1.9,1.7,84.35634146,81.41,87.45,3.5488,1.056,7,11.1,-0.208999473,126264931,377974
Jordan,2019,Middle East & North Africa,44502895862,4405.488412,13.4,14.6,12.2,74.526,72.839,76.306,25.8058,1.054,21.477,3.889,1.452664319,10101694,89320
Kazakhstan,2019,Europe & Central Asia,1.82E+11,9812.526588,9.3,10.5,8.1,73.18,68.82,77.3,28.978,1.065,21.73,7.19,1.28960849,18513673,2724902
Kenya,2019,Sub-Saharan Africa,95503088538,1816.546916,31.9,34.9,28.5,66.699,64.313,69.049,73.01,1.03,28.298,5.393,2.27190164,52573973,580370
Kiribati,2019,East Asia & Pacific,194647201.9,1655.078839,40.1,44.1,35.9,68.369,64.248,72.342,14.6322,1.056,27.453,6.28,1.506969958,117606,810
"Korea, Dem. People's Rep.",2019,East Asia & Pacific,,,13.1,14.4,11.6,72.274,68.615,75.744,0.289,1.05,13.848,9.205,0.454319922,25666161,120540
"Korea, Rep.",2019,East Asia & Pacific,1.65E+12,31846.21823,2.7,2.9,2.5,83.22682927,80.3,86.3,1.2618,1.055,5.9,5.7,0.198353208,51709098,100370
Kosovo,2019,Europe & Central Asia,7926133714,4430.784947,,,,72.49512195,70.3,74.8,,,15.6,6.9,-0.457730006,1788878,
Kuwait,2019,Middle East & North Africa,1.35E+11,32000.44847,6.8,7.4,6.1,75.489,74.76,76.58,7.5776,1.045,13.251,2.802,1.672323183,4207083,17820
Kyrgyz Republic,2019,Europe & Central Asia,8454619608,1309.53496,16.4,18.2,14.5,71.6,67.6,75.8,32.1198,1.058,26.9,5.2,2.08787614,6456200,199950
Lao PDR,2019,East Asia & Pacific,18173839147,2534.89828,36.4,40.4,32.1,67.923,66.142,69.746,64.468,1.05,23.117,6.371,1.517115575,7169455,236800
Latvia,2019,Europe & Central Asia,34102913582,17819.27138,3.1,3.3,2.9,75.23902439,70.8,79.9,15.4318,1.063,9.8,14.5,-0.69523914,1913822,64570
Lebanon,2019,Middle East & North Africa,51991634492,7583.694722,6.2,6.4,5.9,78.93,77.14,80.869,13.9476,1.05,17.377,4.457,0.099061362,6855713,10450
Lesotho,2019,Sub-Saharan Africa,2376328637,1118.131284,68.1,74.6,61.1,54.331,51.201,57.58,92.43,1.027,26.415,13.926,0.809566476,2125268,30360
Liberia,2019,Sub-Saharan Africa,3070518100,621.8929536,62.2,67.8,56.3,64.104,62.715,65.497,135.1704,1.054,32.687,7.381,2.427194604,4937374,111370
Libya,2019,Middle East & North Africa,52091152228,7685.949267,9.9,10.9,8.8,72.913,70.097,75.951,5.6606,1.06,18.3,5.101,1.469777653,6777452,1759540
Lithuania,2019,Europe & Central Asia,54627411860,19550.72778,3,3.2,2.7,76.13414634,71.5,81,9.5512,1.057,9.8,13.7,-0.264704355,2794137,65290
Luxembourg,2019,Europe & Central Asia,71104919108,114685.1684,2.2,2.4,2,82.44634146,80.3,84.7,4.4806,1.046,10,6.9,1.96284492,620001,2590
"Macao SAR, China",2019,East Asia & Pacific,53859116536,84096.39631,,,,84.244,81.281,87.179,2.2262,1.05,10.894,4.018,1.384996838,640445,32.9
Madagascar,2019,Sub-Saharan Africa,14114631281,523.3590645,36.5,40.2,32.6,67.041,65.417,68.682,105.8848,1.03,32.408,5.933,2.656240162,26969307,587295
Malawi,2019,Sub-Saharan Africa,7666704427,411.5523404,30.9,34.3,27.3,64.263,61.101,67.413,131.5186,1.03,33.73,6.418,2.640375193,18628747,118480
Malaysia,2019,East Asia & Pacific,3.65E+11,11414.20698,7.3,7.9,6.7,76.156,74.234,78.317,13.5196,1.06,16.608,5.17,1.327060649,31949777,330345
Maldives,2019,South Asia,5642179170,10626.5134,6.5,7.1,5.9,78.921,77.523,80.779,7.0176,1.07,13.584,2.764,2.91560605,530953,300
Mali,2019,Sub-Saharan Africa,17279566719,879.0080104,60.2,65.5,54.6,59.306,58.529,60.085,164.6066,1.05,41.035,9.412,2.99663676,19658031,1240190
Malta,2019,Middle East & North Africa,14989415684,29737.24598,6.1,6.6,5.5,82.6,80.6,84.7,12.1142,1.06,8.6,7.3,3.931356319,504062,320
Mauritania,2019,Sub-Saharan Africa,7600656944,1679.444873,50.1,55.4,44.7,64.925,63.305,66.515,68.207,1.05,33.262,7.118,2.741280273,4525696,1030700
Mauritius,2019,Sub-Saharan Africa,14048430519,11099.24028,14.3,15.7,12.8,74.23585366,71.07,77.56,24.8222,1.042,10.2,8.8,0.032240043,1265711,2040
Mexico,2019,Latin America & Caribbean,1.27E+12,9946.033829,12.2,13.4,10.9,75.054,72.203,77.879,58.5434,1.05,17.297,6.082,1.091362132,127575529,1964375
"Micronesia, Fed. Sts.",2019,East Asia & Pacific,,,24.5,27.2,21.8,67.883,66.232,69.596,12.5308,1.056,22.712,6.615,1.037743079,113815,700
Moldova,2019,Europe & Central Asia,11968713370,4494.023797,12.4,13.7,10.9,71.901,67.624,76.157,21.9454,1.058,9.93,11.694,-1.674182005,2663251,33850
Mongolia,2019,East Asia & Pacific,13996719329,4339.843279,13.4,15.2,11.6,69.87,65.799,74.142,31.8838,1.03,23.361,6.335,1.718753097,3225167,1564116
Montenegro,2019,Europe & Central Asia,5542577965,8910.495934,2,2.1,1.9,76.884,74.441,79.303,8.249,1.07,11.671,10.751,-0.031987013,622028,13810
Morocco,2019,Middle East & North Africa,1.20E+11,3204.095003,18.3,20.2,16.4,76.68,75.423,77.895,30.328,1.06,18.5,5.057,1.22105093,36471769,446550
Mozambique,2019,Sub-Saharan Africa,15291448212,503.5707727,54.8,58.8,50.6,60.854,57.782,63.671,143.8756,1.017,37.166,8.208,2.907137438,30366036,799380
Myanmar,2019,East Asia & Pacific,76085852617,1407.813143,35.8,39.5,31.8,67.134,64.046,70.119,27.9042,1.03,17.397,8.215,0.625548337,54045420,676590
Namibia,2019,Sub-Saharan Africa,12366528259,4957.458222,30.7,33.8,27.6,63.708,60.685,66.516,59.637,1.01,28.152,7.894,1.872480881,2494530,824290
Nepal,2019,South Asia,30641380604,1071.050761,25.6,27.8,23.3,70.778,69.259,72.208,63.677,1.065,19.578,6.322,1.837337077,28608710,147180
Netherlands,2019,Europe & Central Asia,9.07E+11,52295.03905,3.5,3.8,3.1,82.01219512,80.5,83.6,3.6176,1.052,9.7,8.8,0.655071575,17344874,41540
New Caledonia,2019,East Asia & Pacific,,,,,,77.63414634,75,80.4,14.0804,1.05,14,5.8,1.3080311,287800,18580
New Zealand,2019,East Asia & Pacific,2.07E+11,41557.80241,3.9,4.3,3.6,81.70731707,80,83.5,17.9392,1.055,11.96,6.87,1.593167231,4979300,267710
Nicaragua,2019,Latin America & Caribbean,12520915291,1912.903745,14.3,16,12.5,74.485,70.944,77.982,81.6196,1.05,20.215,5.075,1.229573677,6545502,130370
Niger,2019,Sub-Saharan Africa,12911689659,553.8950504,46.7,50.7,42.4,62.42,61.281,63.621,180.4888,1.05,45.637,8.033,3.793668153,23310715,1267000
Nigeria,2019,Sub-Saharan Africa,4.48E+11,2229.858696,74.2,80.6,67.3,54.687,53.789,55.619,103.564,1.059,37.446,11.63,2.564841886,200963599,923770
North Macedonia,2019,Europe & Central Asia,12547040499,6022.216179,5.3,5.7,5,75.797,73.794,77.846,14.601,1.06,10.653,10.139,0.024049441,2083459,25710
Norway,2019,Europe & Central Asia,4.03E+11,75419.63487,2,2.2,1.8,82.90731707,81.2,84.7,5.0686,1.058,10.2,7.6,0.675061373,5347896,625221.59
Oman,2019,Middle East & North Africa,76331518669,15343.062,9.8,10.8,8.8,77.861,76.127,80.343,12.3368,1.05,18.513,2.422,2.968313394,4974986,309500
Pakistan,2019,South Asia,2.78E+11,1284.702041,55.7,60.6,50.5,67.273,66.337,68.287,37.6192,1.087,27.841,6.893,2.029214863,216565318,796100
Panama,2019,Latin America & Caribbean,66800800000,15731.01603,12.8,14.1,11.4,78.506,75.421,81.756,80.2492,1.05,18.705,5.108,1.651786891,4246439,75320
Papua New Guinea,2019,East Asia & Pacific,24829107011,2829.170309,35.9,39,32.6,64.501,63.271,65.82,51.309,1.08,26.793,7.352,1.953679082,8776109,462840
Paraguay,2019,Latin America & Caribbean,38145288940,5414.799138,16.6,18.3,14.9,74.254,72.263,76.396,69.8608,1.05,20.341,5.539,1.265167271,7044636,406752
Peru,2019,Latin America & Caribbean,2.27E+11,6977.695784,10.3,11.2,9.2,76.736,74.06,79.507,55.0216,1.05,17.756,5.579,1.616157197,32510453,1285220
Philippines,2019,East Asia & Pacific,3.77E+11,3485.084218,21.6,24.1,19.1,71.231,67.263,75.505,55.3644,1.06,20.166,5.92,1.363994679,108116615,300000
Poland,2019,Europe & Central Asia,5.96E+11,15694.73863,3.8,4.1,3.4,77.85609756,74.1,81.8,9.8004,1.056,9.9,10.8,-0.024427107,37965475,312690
Portugal,2019,Europe & Central Asia,2.39E+11,23213.9782,3.1,3.3,2.8,80.68292683,78,83.5,7.6224,1.06,8.4,10.9,0.023733495,10286263,92225.6
Puerto Rico,2019,Latin America & Caribbean,1.05E+11,32873.71927,,,,79.9285122,76.529,83.498,27.5156,1.053,6.4,9.4,0.010646546,3193694,8870
Qatar,2019,Middle East & North Africa,1.76E+11,62088.06183,5.6,6,5.1,80.227,79.142,82.01,9.2572,1.045,9.385,1.244,1.795285051,2832067,11490
Romania,2019,Europe & Central Asia,2.50E+11,12913.07396,5.7,6.3,5.1,75.45853659,71.8,79.3,34.859,1.058,9.6,13.4,-0.547516188,19366221,238400
Russian Federation,2019,Europe & Central Asia,1.70E+12,11584.99538,4.9,5.4,4.4,73.08390244,68.24,78.17,18.5402,1.057,9.8,13.3,-0.049568665,144406261,17098250
Rwanda,2019,Sub-Saharan Africa,10354417725,820.0252417,26.3,28.9,23.6,69.024,66.821,71.132,38.59,1.026,31.249,5.123,2.607652645,12626950,26340
Samoa,2019,East Asia & Pacific,852250191,4324.014018,12.9,14.1,11.6,73.321,71.324,75.464,22.7044,1.08,24.1,5.202,0.491828867,197097,2840
Sao Tome and Principe,2019,Sub-Saharan Africa,418637389,1946.643614,23.5,26.1,20.7,70.385,67.98,72.814,92.0652,1.03,31.152,4.761,1.890763323,215056,960
Saudi Arabia,2019,Middle East & North Africa,7.93E+11,23139.79866,5.7,6,5.4,75.133,73.935,76.759,6.87,1.03,17.297,3.505,1.673111729,34268528,2149690
Senegal,2019,Sub-Saharan Africa,23578084052,1446.830965,32.7,36.2,29,67.941,65.757,69.918,68.707,1.036,33.952,5.596,2.749747408,16296364,196710
Serbia,2019,Europe & Central Asia,51475016532,7411.558649,4.6,5.1,4.1,75.68536585,73.1,78.4,13.5828,1.068,9.3,14.6,-0.536610018,6945235,88360
Seychelles,2019,Sub-Saharan Africa,1703387387,17448.27029,12.3,13.3,11.2,73.94390244,69.7,78.4,60.3988,1.06,16.4,8.1,0.887925293,97625,460
Sierra Leone,2019,Sub-Saharan Africa,4121733705,527.5336344,80.9,86.3,75.2,54.696,53.853,55.495,107.6284,1.018,32.879,11.512,2.109075252,7813215,72300
Singapore,2019,East Asia & Pacific,3.72E+11,65233.28244,2.1,2.2,1.9,83.49756098,81.4,85.7,3.4968,1.073,8.8,5,1.144283307,5703569,719
Slovak Republic,2019,Europe & Central Asia,1.05E+11,19266.0141,4.7,5.1,4.2,77.47073171,74.3,80.8,26.1864,1.05,10.5,9.8,0.135328073,5454147,49030
Slovenia,2019,Europe & Central Asia,54174227309,25940.72803,1.7,1.8,1.5,81.2804878,78.5,84.2,3.5288,1.056,9.3,9.9,0.696304046,2088385,20480
Solomon Islands,2019,East Asia & Pacific,1589913622,2373.63247,16.8,18.4,15.2,72.996,71.3,74.866,78.8202,1.063,31.956,4.232,2.565385064,669823,28900
Somalia,2019,Sub-Saharan Africa,,,74,79.4,67.9,57.397,55.725,59.132,95.2054,1.03,41.585,10.669,2.855602116,15442905,637660
South Africa,2019,Sub-Saharan Africa,3.51E+11,6001.401121,27.5,29.8,25.1,64.131,60.726,67.679,67.7896,1.031,20.129,9.398,1.31629201,58558267,1219090
South Sudan,2019,Sub-Saharan Africa,,,62.4,67.2,57.2,57.846,56.351,59.383,56.8264,1.04,34.653,10.342,0.782224434,11062113,633906.576
Spain,2019,Europe & Central Asia,1.39E+12,29564.7449,2.6,2.8,2.4,83.48536585,80.9,86.2,7.2558,1.064,7.6,8.8,0.714923608,47133521,505957.289
Sri Lanka,2019,South Asia,84008783756,3853.083693,6.1,6.6,5.5,76.978,73.596,80.261,20.4548,1.041,15.544,6.75,0.611875946,21803000,65610
St. Lucia,2019,Latin America & Caribbean,2122450630,11611.41545,20,21.8,18.2,76.203,74.851,77.58,39.2224,1.03,11.839,7.263,0.494134202,182790,620
St. Vincent and the Grenadines,2019,Latin America & Caribbean,824718518.5,7457.509504,13.4,14.5,12.2,72.534,70.289,75.131,47.3596,1.03,14.087,9.336,0.343298993,110589,390
Sudan,2019,Sub-Saharan Africa,30513456085,441.5056034,41,45.4,36.3,65.311,63.467,67.187,57.599,1.04,31.826,7.117,2.391434033,42813238,1854105.405
Suriname,2019,Latin America & Caribbean,3697371950,6359.833614,16.1,17.9,14.1,71.682,68.468,75.063,59.6242,1.072,18.295,7.393,0.929025561,581363,163820
Sweden,2019,Europe & Central Asia,5.31E+11,51647.99156,2.1,2.3,1.9,82.95853659,81.3,84.7,5.1692,1.06,11.1,8.6,1.013722263,10278887,447430
Switzerland,2019,Europe & Central Asia,7.03E+11,81989.44351,3.6,3.9,3.3,83.70487805,81.9,85.6,2.5246,1.052,10,7.9,0.713313668,8575280,41290.39
Syrian Arab Republic,2019,Middle East & North Africa,,,17.9,19.6,16.1,72.697,67.941,78.103,37.3104,1.05,23.22,5.112,0.96451174,17070135,185180
Tajikistan,2019,Europe & Central Asia,8116626794,870.7875893,29.6,33.2,25.8,71.097,68.935,73.389,57.8652,1.065,30.038,4.767,2.390546289,9321018,141380
Tanzania,2019,Sub-Saharan Africa,63177068175,1122.12181,36,39,32.9,65.456,63.643,67.233,115.467,1.03,36.336,6.254,2.951681673,58005463,947300
Thailand,2019,East Asia & Pacific,5.44E+11,7806.742211,7.7,8.5,6.9,77.15,73.46,80.9,44.4696,1.062,10.168,7.786,0.283426556,69625582,513120
Timor-Leste,2019,East Asia & Pacific,2017924900,1560.509822,38.1,41.4,34.5,69.495,67.492,71.635,30.943,1.05,29.284,5.943,1.963835583,1293119,14870
Togo,2019,Sub-Saharan Africa,5490272413,679.2902491,45.8,50.3,41,61.042,60.152,61.918,88.2846,1.018,32.707,8.324,2.420335208,8082366,56790
Tonga,2019,East Asia & Pacific,512350059.4,4903.152903,14.3,12.3,16.1,70.907,68.967,72.887,13.9984,1.05,24.01,7.102,1.248987063,104494,750
Trinidad and Tobago,2019,Latin America & Caribbean,24269714810,17397.98176,15.7,17.2,14,73.507,70.874,76.224,28.5776,1.038,12.578,8.5,0.36734766,1394973,5130
Tunisia,2019,Middle East & North Africa,38796687568,3317.453593,14.5,15.8,13.1,76.699,74.688,78.721,7.859,1.053,17.089,6.257,1.113643743,11694719,163610
Turkey,2019,Europe & Central Asia,7.61E+11,9126.561346,8.6,9.2,8,77.691,74.724,80.563,24.5526,1.05,15.782,5.443,1.339260351,83429615,785350
Turkmenistan,2019,Europe & Central Asia,,,36.3,41.3,31.1,68.191,64.705,71.717,24.0468,1.046,23.066,7.04,1.546389218,5942089,488100
Uganda,2019,Sub-Saharan Africa,35165157017,794.3410779,33.4,36.9,29.8,63.368,61,65.622,113.3068,1.03,37.377,6.381,3.555740529,44269594,241550
Ukraine,2019,Europe & Central Asia,1.54E+11,3659.031312,7.2,7.9,6.4,71.82731707,66.92,76.98,22.2942,1.062,8.1,14.7,-0.53099416,44386203,603550
United Arab Emirates,2019,Middle East & North Africa,4.21E+11,43103.32306,6.4,7.1,5.7,77.972,77.291,79.314,5.2276,1.045,10.223,1.521,1.438780445,9770529,98647.9
United Kingdom,2019,Europe & Central Asia,2.83E+12,42328.90026,3.7,4,3.3,81.20487805,79.4,83.1,11.912,1.051,10.7,9,0.564131113,66836327,243610
United States,2019,North America,2.14E+13,65297.51751,5.6,6,5.1,78.78780488,76.3,81.4,17.2524,1.047,11.4,8.7,0.473953539,328239523,9831510
Uruguay,2019,Latin America & Caribbean,56045912953,16190.12696,6.1,6.7,5.4,77.911,74.119,81.478,57.7502,1.05,13.74,9.473,0.359859761,3461734,176220
Uzbekistan,2019,Europe & Central Asia,57921286440,1724.856544,15.6,17.7,13.3,71.725,69.592,73.829,24.6288,1.062,24.3,4.6,1.876470167,33580350,448924
Vanuatu,2019,East Asia & Pacific,934239973.8,3115.35862,21.9,23.6,20,70.474,68.985,72.154,48.3794,1.063,29.175,5.197,2.430920193,299882,12190
"Venezuela, RB",2019,Latin America & Caribbean,,,21,22.8,19.1,72.064,68.327,76.004,84.6214,1.05,17.566,7.118,-1.235041146,28515829,912050
Vietnam,2019,East Asia & Pacific,2.62E+11,2715.276036,15.9,18,13.7,75.4,71.301,79.523,27.3746,1.113,16.454,6.38,0.960110494,96462106,331230
Virgin Islands (U.S.),2019,Latin America & Caribbean,,,,,,79.66829268,76.4,83.1,26.4094,1.06,12.3,8.2,-0.310759833,106669,350
West Bank and Gaza,2019,Middle East & North Africa,,,16.6,18,15.2,74.053,72.416,75.755,50.9996,1.05,28.717,3.455,2.511782463,4685306,6020
"Yemen, Rep.",2019,Middle East & North Africa,22581081994,774.3344898,43.6,47.6,39.6,66.125,64.443,67.826,57.9728,1.05,29.873,5.983,2.300580114,29161922,527970
Zambia,2019,Sub-Saharan Africa,23309773923,1305.063254,42.4,46.1,38.5,63.886,60.848,66.891,116.4976,1.031,35.776,6.321,2.892372927,17861030,752610
Zimbabwe,2019,Sub-Saharan Africa,21440758800,1463.98591,38.4,42.6,34,61.49,59.798,62.899,80.3622,1.021,29.747,7.773,1.419681046,14645468,390760